cell_id,therm_prs
2728351,0.0521
2728352,0.04963
2731968,0.05303
2731969,0.04874
2731970,0.04702
2731971,0.05206
2735581,0.04088
2735582,0.0496
2735585,0.05029
2735588,0.0487
2739199,0.04517
2739203,0.03612
2739205,0.04273
2739209,0.04515
2742816,0.03819
2742819,0.04588
2742820,0.03826
2742821,0.03684
2742826,0.04881
2742827,0.04076
2746432,0.02508
2746437,0.03732
2746438,0.04023
2746443,0.0491
2746444,0.04045
